codec,fields,operation,run,wire_bytes,mean_ns,allocations_per_op,allocated_bytes_per_op
json,2,decode,1,104,1062.3,6.00,739.0
json,2,decode,2,104,1045.6,6.00,739.0
json,2,decode,3,104,1065.8,6.00,739.0
json,2,encode,1,196,255.5,4.00,280.0
json,2,encode,2,196,255.8,4.00,280.0
json,2,encode,3,196,259.9,4.00,280.0
cbor,2,decode,1,96,1351.6,9.00,1489.0
cbor,2,decode,2,96,1332.6,9.00,1489.0
cbor,2,decode,3,96,1368.4,9.00,1489.0
cbor,2,encode,1,174,454.1,5.00,316.0
cbor,2,encode,2,174,437.0,5.00,316.0
cbor,2,encode,3,174,436.4,5.00,316.0
msgpack,2,decode,1,96,1036.7,9.00,1484.0
msgpack,2,decode,2,96,1056.9,9.00,1484.0
msgpack,2,decode,3,96,1045.2,9.00,1484.0
msgpack,2,encode,1,186,395.9,5.00,316.0
msgpack,2,encode,2,186,386.4,5.00,316.0
msgpack,2,encode,3,186,386.5,5.00,316.0
protobuf,2,decode,1,55,995.2,7.00,936.0
protobuf,2,decode,2,55,992.6,7.00,936.0
protobuf,2,decode,3,55,986.3,7.00,936.0
protobuf,2,encode,1,101,240.6,9.00,251.0
protobuf,2,encode,2,101,235.7,9.00,251.0
protobuf,2,encode,3,101,237.6,9.00,251.0
json,16,decode,1,298,2333.2,22.00,2013.0
json,16,decode,2,298,2324.1,22.00,2013.0
json,16,decode,3,298,2324.6,22.00,2013.0
json,16,encode,1,390,620.0,4.00,536.0
json,16,encode,2,390,627.1,4.00,536.0
json,16,encode,3,390,611.2,4.00,536.0
cbor,16,decode,1,326,3457.3,27.00,4545.0
cbor,16,decode,2,326,3418.7,27.00,4545.0
cbor,16,decode,3,326,3455.9,27.00,4545.0
cbor,16,encode,1,320,898.3,5.00,572.0
cbor,16,encode,2,320,917.3,5.00,572.0
cbor,16,encode,3,320,894.7,5.00,572.0
msgpack,16,decode,1,328,2378.7,27.00,4518.0
msgpack,16,decode,2,328,2340.8,27.00,4518.0
msgpack,16,decode,3,328,2347.2,27.00,4518.0
msgpack,16,encode,1,418,832.5,5.00,572.0
msgpack,16,encode,2,418,837.6,5.00,572.0
msgpack,16,encode,3,418,835.0,5.00,572.0
protobuf,16,decode,1,356,2688.6,23.00,2808.0
protobuf,16,decode,2,356,2750.0,23.00,2808.0
protobuf,16,decode,3,356,2726.7,23.00,2808.0
protobuf,16,encode,1,401,833.4,23.00,1313.0
protobuf,16,encode,2,401,841.6,23.00,1313.0
protobuf,16,encode,3,401,840.3,23.00,1313.0
json,64,decode,1,1018,7978.8,76.00,5613.0
json,64,decode,2,1018,7751.8,76.00,5613.0
json,64,decode,3,1018,7641.8,76.00,5613.0
json,64,encode,1,1110,1833.5,4.00,2072.0
json,64,encode,2,1110,1822.9,4.00,2072.0
json,64,encode,3,1110,1810.7,4.00,2072.0
cbor,64,decode,1,1143,10909.0,85.00,12673.0
cbor,64,decode,2,1143,10851.8,85.00,12673.0
cbor,64,decode,3,1143,10918.2,85.00,12673.0
cbor,64,encode,1,849,2442.6,5.00,1084.0
cbor,64,encode,2,849,2466.1,5.00,1084.0
cbor,64,encode,3,849,2385.5,5.00,1084.0
msgpack,64,decode,1,1144,7249.9,85.00,12598.0
msgpack,64,decode,2,1144,7187.3,85.00,12598.0
msgpack,64,decode,3,1144,7388.0,85.00,12598.0
msgpack,64,encode,1,1234,2296.8,5.00,2108.0
msgpack,64,encode,2,1234,2325.1,5.00,2108.0
msgpack,64,encode,3,1234,2417.6,5.00,2108.0
protobuf,64,decode,1,1412,8609.6,77.00,8760.0
protobuf,64,decode,2,1412,8515.0,77.00,8760.0
protobuf,64,decode,3,1412,8539.9,77.00,8760.0
protobuf,64,encode,1,1457,2886.9,71.00,5009.0
protobuf,64,encode,2,1457,2909.4,71.00,5009.0
protobuf,64,encode,3,1457,2861.5,71.00,5009.0
